0.1257302211,-0.1321048633,0.6404226504,0.1049001172,-0.5356693732
0.3615950549,1.3040000451,0.9470809631,-0.7037352358,-1.2654214710
-0.6232744625,0.0413259793,-2.3250307746,-0.2187916639,-1.2459109473
-0.7322673547,-0.5442589829,-0.3163001564,0.4116305364,1.0425133694
-0.1285346629,1.3664634705,-0.6651946735,0.3515100701,0.9034701817
0.0940122978,-0.7434992494,-0.9217253763,-0.4577258257,0.2201951235
-1.0096181835,-0.2091755749,-0.1592250099,0.5408455847,0.2146591225
0.3553727090,-0.6538286094,-0.1296136337,0.7839754701,1.4934311452
-1.2590655321,1.5139237747,1.3458754238,0.7813114007,0.2644556303
-0.3139228145,1.4580206835,1.9602583164,1.8016348699,1.3151037647
0.3573804107,-1.2083186323,-0.0044541331,0.6564749351,-1.2883614637
0.3951220602,0.4298636948,0.6960427240,-1.1841179668,-0.6617025720
-0.4364352471,-1.1698019078,1.7393678771,-0.4959107284,0.3289696295
-0.2585725455,1.5834728788,1.3203609871,0.6333526228,-2.2035098806
0.0520289743,0.6836861908,1.0039615758,-0.6179070447,1.8220113633
-1.3204309700,-0.6615280218,0.9350499881,0.0490546138,2.0023925836
0.1885191925,-0.6331940902,-0.3775635052,-1.0911461176,-1.2776801664
0.6304114908,0.5811658124,1.2945588194,-0.7546057913,1.6891074524
-0.2873877078,1.5744082788,-0.4327858472,-0.7354832923,0.2497853716
1.0314530849,0.1610095767,-0.5855288241,-1.3412197141,-1.4015202149
0.5026828499,0.9897130333,-0.1642945926,-1.0743648582,0.8730421526
-1.2803939447,-0.7130680951,0.6210178535,-2.2501411736,0.3863695976
-0.5816408364,0.1092796975,-0.0757015262,0.2021143950,0.6941719367
-0.7583697509,1.4209820223,0.7260937889,0.8437326623,1.1648639811
0.7875882217,0.8440786806,0.0755936107,-1.4267738510,-0.1350451000
-0.7695146402,-1.4227417685,0.2584527909,-0.5685494541,-1.0298044380
-1.0430010801,0.2684170797,0.3586719492,1.3224574698,-0.0139146685
1.0418397592,1.4022648268,1.1501656361,-2.3653039063,1.2286837192
0.3396200082,0.4237713529,0.3712274177,0.3827571603,0.3194142203
-0.3589133085,-1.9016352984,-0.1089147279,-0.8037318485,1.0801634125
-0.2887665060,0.0834753561,-0.8496059556,-0.5106224679,-0.0115330617
-1.4853751843,0.3006851143,-0.1060722534,-1.1857198050,-2.3982328654
0.5130521339,-0.2975840389,-0.5300084132,-0.2361546299,1.8164759409
-0.0498009691,0.0866192630,-1.4870728697,1.6473390664,0.9174879834
1.0669348670,0.0476727312,0.9166547888,0.3709468351,0.6131890779
-0.1521929584,-1.4738879480,1.0288543478,-1.9349596366,-0.2399366713
-0.2045224884,-1.0428601410,0.6131231363,-0.2003297014,-0.4368683256
0.5198417310,-0.4765790406,1.3889799748,0.3514550762,-0.4743329868
-1.9442649760,-1.3077531969,1.0868307848,-0.0506040631,-0.2831250657
1.6432516142,-1.2826492441,-0.5856577998,-0.4725876768,0.5863372815
-0.6635351983,-0.6134178486,-1.6051493969,0.7293494040,0.8061393585
-0.4763767474,0.1633399455,-1.2926461228,-0.4718131547,1.3779509527
0.1357307341,2.3103634868,-0.7871927422,0.5802844167,-0.1955058278
0.5658178468,-0.0072113597,-0.5611981104,-0.8676167643,3.0660367390
-0.0773450597,-2.0166606902,-0.6486006079,0.6780397271,-0.5000084332
1.3604462025,1.0023982728,-0.1523386358,-0.4722159428,-1.0048010070
-0.6999665423,-1.4731430747,1.2043962915,1.5907007871,-1.2561380697
-1.1816829757,-1.7685118571,-0.9638542307,-3.1063368013,-1.1422789566
1.2969153998,-0.3456725295,0.8545842349,-0.4889690638,1.7606672970
0.1992179830,-0.3820022921,2.5524240254,-0.3244718563,-1.2212233497
0.2019100020,-0.0388350386,1.0663245532,-0.9216339245,0.8047169315
0.8527484706,-0.6676872919,0.1632440057,-0.8307519569,2.3458080738
-0.7041395623,-0.4530744437,-1.0658380220,-0.3461212752,-0.0058760267
0.7677891353,-0.6104866461,-0.1857739587,-1.4164893664,-0.8274022268
2.7558075583,1.0412431917,-0.7814240417,-1.3373972415,-0.9755828306
-0.0216908595,0.0347277884,-0.7443606009,-1.2865744667,1.4223785052
0.4516854513,-0.3745680196,-0.2206612078,-0.5295304591,-2.9360454460
0.1156618271,-1.0705444097,-1.0026842990,-0.6402624054,0.7323017147
-1.1705308084,-1.4342814597,0.6398520752,0.7543689046,-0.9589337078
0.5623976773,-0.2916324304,0.3012921766,-1.2609602801,0.8328944494
1.2032589541,0.6370732356,0.5583399617,-3.7722751561,0.2606297491
-0.0254453167,-0.1470455068,-0.6305779900,0.0553649749,0.4121174051
-0.2637881605,-0.4633241397,1.2297538109,-1.1053671073,1.0301551978
0.1768124637,-0.8043056453,-0.2899818961,-0.9199936028,0.6750645184
0.3479017620,-0.5567961752,-1.1022182991,0.3017160935,0.9573856068
-0.1138363494,0.4183525009,-0.3760271505,0.0675692060,-0.2912829114
0.2940421430,-1.5097725130,0.6441905232,-0.2299324816,0.3586080676
-0.3403101275,0.3203611894,-1.0725628041,1.1891544125,-1.7035445876
-1.0392388148,0.2356660695,1.4628422852,0.2781263018,-0.2479084553
-1.4250901432,-0.1912766644,-0.0198770110,1.6905686453,0.6221252216
-1.5290928749,2.0267790952,-0.3950098755,-0.8794597147,1.4748226521
-0.0497557603,-0.3674025994,0.2187859889,0.8448887804,0.9933362044
-1.3752024001,1.9984814703,0.9468615880,-0.3792010620,-0.8186598515
-0.9690124308,0.1233784376,-0.6480162942,-0.7648739653,0.8112544049
0.3645673438,-0.3945712584,0.7342475962,1.3673786263,-1.0944963126
-0.6032918841,0.9426218402,0.7189405658,0.2266988564,1.1624211876
-1.0882117291,-1.4791378338,-0.8665073573,0.1225440955,-0.7960867751
-0.4872181564,-0.9750001191,-0.6204291446,-1.0047872190,0.3674662057
0.7948910680,-0.4804459395,-0.2072657955,-0.5810325725,0.5312512156
0.0890560387,1.5941569003,-1.0954720366,0.3625024992,0.4439913996
-0.3604401710,0.5835341274,-1.4385226490,2.1188030307,-1.3420444533
0.9198072606,-1.1211226789,1.1508830312,-0.3847740266,0.1584229072
0.0533437557,1.1007340950,-0.3215474501,-2.9671837100,-0.7600587901
0.1837123231,-0.4404682049,0.7698208513,1.0153269960,-0.1477718099
-1.4896453944,1.3841651100,1.0830535001,-0.2991911343,2.1082884114
-0.3488754601,-1.1371197204,-0.1558734338,1.0778337155,-0.9374534425
1.9512250777,-0.8965262146,0.9544222764,0.5444623742,-0.1540570596
1.0805329787,-1.4997987889,1.3575717869,-0.0636840290,-0.5424352499
0.7491740480,1.0598990136,0.7697954306,1.9995038210,1.0807260761
1.2835066324,-0.5398639372,0.1065237771,0.5629825823,-0.0177422367
0.3016352332,0.4261047661,0.8442439177,-0.1016088908,-0.3497992154
-0.8283156502,-0.8917323261,1.1724512273,-0.0845214880,0.7869443811
-1.2973638463,-1.9381681078,-1.0490912310,1.1466269675,1.0680774398
0.3320386079,-0.8021701502,-0.1308026416,-0.2977604798,-0.3449733461
-2.5060698373,-0.8579263860,-0.1901088757,1.5164277898,0.1607430591
1.4008882863,-0.3937069088,-0.2526885812,-3.8994217301,0.4633303392
0.5470956613,1.7637590696,-0.4867612108,0.0941541562,-0.7055279547
-1.1762570649,-0.7131079667,-0.3449985241,1.3554380287,0.0022116026
-0.7905448097,0.1418778282,0.2175713556,-0.6762320560,1.1432336266
-1.8883488910,-0.2135446281,0.6650660656,-1.3384325195,0.3612537486
1.2928930502,0.4536712643,-1.6901599430,-0.7281950274,1.2323034025
0.2983352451,-0.0098589385,0.4412005947,0.7210489500,-0.7084652366
-0.2904000801,0.1429136497,-0.5439577218,-0.1334515585,1.2978717612
-0.9678198647,1.9266627091,1.8793443774,-1.7134394380,-0.1410226651
0.3426915696,-0.7608710875,-0.7410805037,-0.2374156967,0.7391780871
-0.5113338389,1.8266938116,0.2899740023,-0.1025752841,1.4492596851
0.6262811951,0.3692867757,-0.3311403828,1.8139856139,0.8118215897
-0.2034113359,-1.5771991507,0.3729515418,-1.1437400921,-1.7159459518
-0.2791515055,0.2814711026,1.2824812337,0.2824518253,0.8060195272
-1.2258827052,-0.0225321775,0.1242113193,0.8622461846,0.1160606734
0.8040789581,-0.5041992478,0.3579549062,0.4148664013,-1.2497757246
0.1755386286,-0.3203625270,-1.9040879486,0.9584066801,-0.3618586803
-0.8523900581,-0.3773167437,0.1382003031,1.5079094843,-0.1659332030
0.4724074970,1.3735793769,0.5335505313,1.0685641574,-0.4765098590
0.7710493265,-0.0579760001,1.0744112375,-1.0035595720,-0.7795577532
1.2687315727,-0.1960839726,-0.3589606467,0.0775724194,-0.6894974574
1.3319413685,-1.2491626517,-0.1505979984,0.3469527857,-0.1044470691
-0.8022875454,-0.8683891968,0.4253944258,-1.0304804502,0.6462427057
-1.5241483636,-0.5549830967,0.0363060224,-1.2521519434,0.6520108635
-0.0185388133,-1.0360736816,-1.5188882298,-1.5655893714,0.0510339451
-1.1568301071,-1.3648796007,-0.2312259355,2.2775005249,0.2775403612
0.7629188335,0.2127183463,0.7829821661,-1.3430886505,-0.4305119702
0.2613508456,-0.0179168161,-0.1919932201,-0.6658760797,-0.2583831027
-0.7741978239,-2.4218330149,-1.1945084417,0.4756529389,1.5570779557
1.8135801713,0.0967517437,0.8933836234,0.9079779107,-0.6922591839
-1.6979398305,0.0308873194,-1.7622009972,-0.3199296130,0.6081170868
-1.4200694881,0.0322953839,1.2400181153,0.3615124740,0.5223217007
0.9067404138,1.7329630721,0.1514230817,1.2295008614,-0.0641692163
-0.5461688154,0.3148209696,-0.6058128480,-0.5731292158,-0.6077406304
-2.2954241955,0.1054994777,-1.2638353586,-0.1072691207,1.4499687805
-0.5210003231,-0.5420091584,1.3639093845,0.5463057655,0.9765270974
-0.3552912340,0.7480832129,-0.6861685892,-0.6760017256,0.5962442782
-0.5983731713,0.7671185432,2.3916845354,-1.6861525369,-0.7522043761
1.1201461818,-0.1450781695,1.1610898498,-1.0100642731,0.3313441778
-0.1505563178,0.1403707229,0.3311160191,-1.2200063627,-1.0741374854
1.3992440069,0.2932137116,0.1063463330,-0.0440747226,0.3565424987
-1.1559367394,-0.9990273319,1.3045082472,0.1512752218,0.8503008737
-0.6056640069,1.3767253804,0.3452784053,0.4812458193,0.5487293377
-0.7970092394,-1.8657208634,-1.0748026671,1.6305228574,1.3006839703
-0.3469213680,-0.3016763270,1.0366058772,-0.1684098728,-1.2992598701
1.2655430926,0.4771785779,-2.5163397150,-0.3131901055,0.1436702033
0.4812468271,0.1521511893,-0.6357417972,-0.1157590440,0.2948003179
-0.2680040856,-0.3719007197,1.2520839387,-0.9466076853,-0.3494634711
-2.0312690130,0.5409699635,0.8282644598,0.5484868326,0.9176724875
0.4407067448,0.3425153910,0.4739470670,-0.2673084320,1.1883278626
-0.3485720650,-1.4623519252,0.8497836136,1.8507027800,-0.9601511193
-0.1016311296,-0.6854420107,-0.3805832501,0.0460929718,-1.2418084528
-0.2776536713,-1.4659673864,-0.5682276379,-1.1860696540,-1.0590606995
-1.7199106807,1.2193545887,0.5090590847,-1.9174640435,-0.5968275940
-0.6704385999,-0.6909441282,-1.4468835126,0.7543857214,-0.3958637855
0.4681489095,0.5267557652,1.3754453117,-1.8148722777,1.7386021114
1.2688152739,0.5730659923,2.3835922292,0.2049785979,0.8214789161
-0.7384139813,1.1343574080,0.1678259697,-0.4512001449,2.1169391983
-0.3047996645,0.0088613276,-0.1972799573,-0.7556709132,0.5312724005
0.7384096037,0.3543725277,-2.3605782614,1.0079970034,-0.3502383498
-1.2163234119,0.6032809591,0.5628494204,-1.0430737023,2.4724356788
-1.2096265494,-1.7330027044,-1.1541714263,1.4207998429,-0.1758567257
-0.3720566878,-0.0621577211,-0.5966139079,-0.6902634133,-0.6412154938
0.7079555235,1.0204558857,-1.0550925620,0.2392279717,0.7882072412
-1.0817519495,-0.5025665920,-1.0380641623,-1.2910285430,0.1018628688
-0.7361323713,0.6311290891,-0.0294219226,0.4126273552,-0.2922829126
-0.6349973826,-0.0906731351,-0.0049961303,-0.7058554945,0.4265954551
0.7465948560,0.1580827053,1.7134908885,-0.6323390097,0.5205964182
-0.4087348005,0.2346295037,-0.8299493396,1.1151233774,0.1760209058
1.1922444996,-1.2660955768,-0.4935152092,-0.8925658003,-0.5319418653
-0.6926096972,-0.1205409343,-0.0172471437,-0.0409848647,-0.5555238735
0.1874251779,0.8756154955,-0.9022755660,0.0008886250,-0.0740708892
0.4683546342,-0.0638585848,-0.0156648036,-0.9910957822,0.0217038391
-0.9218844893,0.5157042482,-0.1032189343,0.0398584176,-0.8911903671
0.8037575799,0.6923139089,0.8615239290,2.2273860809,-0.0525193823
1.2034028358,-0.1238278064,0.3940872958,0.3653374276,0.2645917634
0.6582561785,-0.3039363803,0.0409322816,0.5353096473,1.7478539000
-0.8423566690,-1.8061326204,-0.4840854911,0.0899284330,0.1749770932
0.0922177858,1.1827901227,0.9760497928,-0.0492679050,-0.4695471228
-0.3460088814,-0.3563041530,-0.2255994738,-1.5726505615,-0.4610407436
-0.4248800213,-0.1888803857,-0.2543000124,0.6720071416,-0.5319433560
-0.4385777014,0.5419387547,-0.2353148467,0.2164547268,0.6693356984
0.4219694948,0.2501624480,-0.1964415577,0.6818941031,0.1755499413
-0.5048527511,-0.1508091870,-1.2181293773,-0.9615559741,-1.8829080368
-0.6799313816,1.3355454216,-0.5564888400,0.7875408171,-0.0034498542
-0.7005488231,1.3382795151,0.5822058486,-1.7518005653,1.0414021982
-1.0747914952,-0.1779139466,0.6681134217,-0.2998531606,1.1189440556
0.7612637605,-1.5768756105,-0.4724341564,0.2820737332,-0.5749986813
-0.2162765062,0.7997849114,0.3167813067,-0.9206190352,0.1746063694
-0.6122696351,-1.2151923592,-1.1300558500,0.2869555371,-0.0281137060
0.0054318086,-1.1462090479,-0.1839295500,-1.0371676077,-0.9263938336
-0.1651267568,-1.3833904513,0.6692672664,2.4868828513,0.4588232491
-1.0429031390,-0.2711855142,-1.5554379436,-0.3776163813,0.5073139356
0.5893847662,-1.0317427539,0.2991456535,1.1564080250,1.7550915851
-0.7007948827,-0.8642000121,0.0544158691,-2.9280901726,-0.5310340012
-0.2709749693,-0.4593419875,-1.5838732282,-0.2455511077,-0.7766086201
0.7574830585,-0.9184748174,-0.2823451298,-0.2329479251,0.5675714213
-2.5459046004,-0.3406249358,0.7596151493,-0.3616882372,-1.5269369664
0.3265981726,0.3366869062,-0.2704893920,-1.1597957073,-0.7406751455
-0.3137565089,-0.8755328558,-1.9201783484,-0.7692867989,-0.0617439345
-0.5070600673,-0.0755728391,0.0836579790,0.8965755004,2.2038241235
0.7317788401,-1.4043285465,-2.6569449473,-0.0944621687,0.0713884353
-1.1618733058,0.2720321372,-0.7669395879,0.4026697328,-0.3255181730
0.3974625907,-1.7431951941,-0.4384668751,-0.1485960065,-1.4248747251
1.8823382582,-0.5407734121,1.3899717290,-0.6643420911,-0.2299711555
1.1839019117,0.3038268450,0.1920543503,0.2659434482,-1.3661578762
-0.3895534736,-0.9564456539,0.1974136523,-0.5439981304,-0.0440591215
-0.0772925633,-0.0363703849,-0.0347471219,-0.6523781064,-1.0540027956
-0.6643563094,1.0715383406,0.3741618065,0.5869553606,1.3799679163
-1.1794309332,0.5099524215,-1.0750741052,-0.3343325989,0.4842398428
1.6143452671,-0.7821649425,-0.0947962536,1.1562368040,-1.4898081194
0.3621129147,-0.3082781504,-0.8816949715,0.1466308231,0.5949258618
-0.9120997623,0.3799897818,0.1733699896,-1.2418133060,1.5534128669
1.0899026698,-0.8599267479,-0.5866308827,0.7707802337,-0.4954490474
-1.8397186052,1.0488821124,0.0087814230,1.9070261910,0.3574671232
0.1909924894,2.8745004814,-0.1718673460,-0.9518157649,0.2291979796
1.1357549030,-1.1651201442,-0.9082651093,0.4497770984,-3.1973453917
-1.0926786580,0.7954840824,-0.5867399162,-1.6264831327,1.9255666584
-1.4105351573,-0.5233655470,-0.3727314993,0.0831443940,-0.3695052019
-0.0809650786,0.0574945791,-0.0866764288,0.0932738407,-2.3789256878
0.4410646978,-1.4044566980,-2.1666455112,1.3813479065,-1.2855152792
0.1798691060,-0.7725614871,-0.6784662159,0.4836547686,-1.0482249592
0.3726742754,0.3806924762,1.1644479139,-0.3362132205,1.0465822534
1.7206947067,1.5866822794,0.5860769568,0.4491660719,2.8494549607
2.2321759588,-0.7666172841,0.9236090363,0.6019592321,0.0722674615
0.1533122981,0.4877851125,0.9373584773,0.2187698617,0.3397937146
1.3921403141,0.3177202434,0.5450224817,0.9902300966,1.6332624161
1.2270409292,0.3772149528,0.2078154540,-1.2236035779,0.2920625441
-1.0371697599,-1.0240394415,0.6505089275,-0.1005771836,0.4722094960
-0.6269631174,1.2012040075,0.1437721801,1.1877283270,0.6734404902
0.1652490386,-0.4785274111,0.0315075776,0.8280104855,0.6976577342
-1.1955846525,1.0256820527,-0.2139079415,0.8152637210,-0.6974882614
0.6378552877,-0.7965918828,0.1293568317,-0.2980298067,-0.2855725669
-0.5665872436,-0.1535790963,-1.7406346902,0.8765996934,0.9616865871
-0.4427738728,-1.3797546259,-0.6467092698,0.9476143297,0.6255207734
-0.3003535609,0.8972747801,-1.0414807563,-0.6126363311,0.4746072467
-0.0959133297,-0.5892256992,-2.5121277305,0.6712163346,0.3237218134
-1.7429223286,0.6003256861,-0.0143637588,0.2788347774,0.9451932066
-0.7398868049,0.7135642142,0.6838541520,0.7615157393,1.6359557783
0.6587348428,-0.5615577103,1.7983844201,-1.1073125456,-0.4627235944
-0.9644697110,-0.1027607995,1.0822192832,1.2977859568,0.4635174158
-0.6093910636,-0.5536205982,-0.6031961367,0.9528406823,-0.9065393256
0.8645262754,-0.0325940716,0.1720510725,1.5117183839,-0.4753340141
1.6617285961,-1.4094526594,-0.8247636939,-1.5783914031,-0.7467818840
0.5828820972,0.7377290650,0.3067753035,0.2670919617,-1.1733269767
-1.3268318329,0.3038900075,1.3478069773,-0.3641347604,-1.2685596166
-1.5332804777,-0.6806517146,1.5795438222,-0.2077395375,-1.0379433741
-0.6094708442,-0.4835449713,0.2656134152,-0.6600164536,-0.8899395747
-0.1880169845,0.4686703246,0.7170437679,0.5505320163,-0.4574969297
-1.6950770180,-0.7985161429,0.2840813933,-1.3336352855,0.2526192230
-0.5899759492,-0.5821639535,1.1195070080,0.2187326299,1.3702561728
-0.9392529880,1.1307411921,0.9090804102,-2.9950027799,-0.0882707118
1.5422244089,0.7780573812,-0.4413211566,-0.2327903907,-1.3030487812
0.2062924901,-1.7931720812,-1.0153067440,1.1191643605,-0.0205650439
-0.3634260489,-0.1059111231,2.7418940125,1.0351879908,-0.7756413746
1.6667497505,-0.0887949379,0.7397169334,-0.5866304528,-0.9378559883
0.8019126613,-0.7688867494,-0.7813181155,0.8978342992,-1.1620690297
-1.4192520017,0.5450543963,-1.9598816247,-0.7517256567,-0.3656461120
-1.3453069899,-1.1173905214,0.6658729284,0.2924530661,-0.9457114683
0.5294855660,1.5192784410,-1.2824178099,0.0612557948,1.9766513475
0.6111598890,0.8133851241,-0.2001526705,-0.7979637561,1.1433716949
0.6537249442,-0.0515231852,-0.4653357248,-1.7477252284,0.1559062291
-0.6917127646,-0.1318542684,0.6709753843,0.8200027057,0.7190009690
2.2550643322,1.1651185292,-0.7460781758,-0.8183019235,2.3281507246
-0.6633261583,-0.0441353425,1.7448590878,1.7153158745,-0.0546320292
0.2419430815,-1.6351093021,-0.9083487005,-0.3652591301,-0.0056601695
-0.3233204761,0.1522939816,2.1927015139,0.4643408609,0.3087071878
0.0018263559,-0.1719076050,1.2329446002,-0.9912614307,-0.1255795251
-1.0957772311,0.0871297019,0.1190503222,0.9205065081,1.1976616208
0.6630643333,1.6222592871,1.5885032680,0.3153586881,0.3733468626
-1.9362816917,0.3202432047,-0.0050915539,-1.6884952119,-0.4313860318
0.9574239668,-1.2387743263,1.2929511647,0.4747993187,-0.2283880902
-0.1423272872,0.8299271042,-1.4313942795,2.0407619399,-0.8134195295
-0.7652832419,1.2207681972,0.7900523350,1.3253916956,1.0459810739
0.3763959288,-1.2763841466,-0.4728399100,0.1984393646,-0.0171825705
-2.0527828207,1.0444053594,1.7311424620,1.4640951987,-1.0178596265
0.4359667797,-2.1264980846,1.6900181420,-1.9398769098,0.4105087632
1.1625796886,1.2913217309,0.3439705147,-1.4256500491,-0.1011757930
-0.2683184742,0.3683591590,0.9877459840,0.6620408823,2.1216165577
0.6610508551,-0.3888175083,1.6299795522,-0.3145280649,0.2818635110
0.1807779264,-2.2932313583,0.2768199534,0.2894399535,-0.2097050550
-0.1412869753,-1.2844034935,0.0824633088,1.5029254864,-0.1772695680
-0.5221257515,-0.6077288948,2.0170879082,-1.3552434889,0.8449497673
0.1114118051,1.9208964235,1.3112654209,-0.0883180260,-1.5414686376
1.4296398433,1.4580436676,-1.1049019945,0.7452334972,-0.8007665489
-0.7761903064,-1.6093134194,0.9329052275,0.2711284261,0.4944997307
1.4524749367,0.6686246366,0.5845627568,0.7492738791,-1.0645718442
-0.0344651346,-1.2062615546,-0.8999131106,-0.0918165015,1.0618876182
2.0582140139,-1.0851931629,0.1733304164,-0.0709104362,0.5272356224
0.5824098823,0.3624211643,-0.9671765424,0.3946754230,0.8923267131
-0.5133908324,1.9781649236,-0.2349131819,-0.6338601978,0.2963790384
-0.2575894841,-1.3671728141,-0.0261567865,1.5957024409,2.0025323174
-0.5670414605,0.9052746036,0.1325294549,0.2838866297,1.2673712132
0.8520715283,0.1543204158,-0.9287442857,-1.1239808416,-0.0640181104
0.3236133275,0.5031718923,0.7819693534,0.9795851288,-2.4030766968
0.9034403330,-1.0474477766,1.1140685748,0.3366443279,0.6305598178
-0.5409257482,0.2826513214,-1.8672125794,1.0952466167,-0.3308387386
-2.5890802948,1.0614835537,1.6767737267,-0.8761295164,1.2127098858
-0.7497554511,-2.2665206299,-0.3578924743,0.3261364520,0.1335511294
0.1035979495,0.2964228578,0.2165556636,-0.2160383035,-0.6013813732
-0.2658008475,-0.3516725662,-0.3029226234,-1.1029534313,-0.5425943845
0.0822261888,0.3094189104,-0.0640289475,-0.1836599142,0.5344498736
0.8144686606,0.6800798787,-1.7499090854,-0.4554050913,0.7056545870
0.5153973237,0.6798106013,0.3143515080,-0.8535368023,1.2225645323
-1.3595888742,0.9857577924,-0.0163751312,-1.4726542243,-0.3961588006
1.2037517465,-0.5884016698,-1.2106023968,-0.2887902838,-0.8180749585
-1.2505999792,0.4375377522,0.7981723076,-0.5517314172,0.5236229236
-0.3870270149,-0.0997141292,0.1234024110,1.4932835414,0.5075588652
-0.9991131085,0.5158292357,-0.2211882702,-0.4663604089,-0.8397613575
-0.0262602626,-0.0601324353,-0.4021823645,-1.3911473441,-1.7071722931
0.1279844920,0.1782047535,2.1831286874,-0.1786630094,1.0214240792
1.1952037223,-0.0610667554,0.0768010034,-0.4298437373,1.7751592108
-1.5084321713,-0.0396461486,1.3841229941,-0.1076800633,-0.5709374998
0.2328826369,0.5269880127,0.5674430737,0.2816433149,0.7500911197
0.9457010560,-1.1068829124,-0.3788918252,0.8696913262,0.4886200245
0.2346001083,0.6724788921,0.9521537347,-0.8580470591,-1.2269444121
-1.1536814607,1.8586741291,-1.0544325732,-0.2345871225,-0.1854782991
1.0310601652,-1.7383210989,-0.0392682110,1.2143883468,1.1148997622
0.4093119944,-0.2609390874,1.7576834466,-1.6719471765,0.9809852752
0.5081778886,0.5910366844,0.2658088302,0.2051801474,0.9307879958
-1.1530447887,-1.2465519455,0.1624532353,0.0521507917,0.1636601623
1.5904329835,-0.5793093536,0.7513187611,0.3844477037,2.3665624023
-1.4021866515,-0.5460071183,-0.4567900340,1.3206028966,-0.8199185708
1.6579429995,1.5981083131,0.8656126509,0.4373760402,-1.5561781889
0.1821495069,-1.4306716587,-0.3626263896,0.2031007333,-0.3088713790
0.9508056222,-0.1291761471,-1.5485822203,-1.0600572260,-1.2739083901
-0.3164303778,1.2475848570,0.5057460481,0.3395094716,-1.2853813932
2.3691638530,-0.0282631622,2.4169126698,-0.8674214463,-0.5678464805
2.5996614903,-1.0749939793,0.4187058207,-0.3382052745,-0.8134123397
2.1610795966,-1.0041310508,0.8974350016,1.1043125975,-1.0118014555
-1.8972252909,-1.7806398973,-0.7995834678,0.2226646688,0.3354421305
-0.1890465742,-0.1053065847,0.9740473584,0.7681529784,0.3787542251
-0.6169671181,0.7775727789,0.1812096774,-0.7478351472,-0.5768958770
1.2286477584,1.8453819626,-0.5297267324,-2.0780681543,0.5874637170
-0.9032628262,0.7324981608,-0.3759572777,2.2295984798,0.1122445053
0.9028507011,-1.2150537313,-2.8192914384,0.1353311184,0.2619630901
0.7202996356,-0.5538114537,-1.2918385046,-1.6004953758,0.5531409147
0.7102909261,-0.8757583284,-0.5280346203,-0.7281854422,-1.8952074829
0.1991156087,0.8460161166,-0.2233497107,-1.4224723047,-0.1983218835
1.3644226906,2.1299060617,0.2690971393,-0.7889410287,-1.9855754604
-1.5459360942,-0.0888875502,0.2257654302,0.2566399244,-0.2629774654
-1.5432221048,-1.5764559297,0.1473243643,-0.8245678820,1.3048355415
-1.4589127535,1.6870979237,-0.6664961822,0.2231890014,0.2231619293
-0.3440075499,-2.0134828446,-0.4823953864,1.5224601960,-1.2807932751
-1.8421091473,-0.2188734970,-0.4123870654,-1.2928417581,-0.7525727148
-0.4810790829,-0.4128744635,0.1627738224,0.7066632523,0.3870749052
0.3417487352,1.6801429555,1.0953032250,-2.9128401535,-0.3631618436
-1.5765501905,-0.6891364641,0.7710738648,-0.2011861241,-0.4283892633
1.3169715295,-1.5037779416,-0.0938143501,0.5487588588,0.0241347046
-1.1632752112,-0.0225675633,0.8075121754,0.3572499732,0.3176914257
0.3074480295,0.1351916918,-1.2412608024,-0.3091021864,0.4308376930
-3.1145092026,0.7571779658,0.3374244621,-1.0841797109,-0.7463500999
-0.2038412963,0.4134349592,-0.3740266469,1.1670031080,0.4131256125
-0.7865714059,-0.4711819190,0.2275796235,0.7283740316,0.6800154755
-0.0975937517,0.1494950475,-0.0251010414,0.8219899253,-0.9862445163
0.6028426928,-1.8524030631,0.4510329592,0.2562128157,-0.0003741519
-2.1326093303,1.5667240701,0.8984111451,0.0254483331,0.4587073307
-0.9393821512,0.5122731534,1.5600871471,-1.1780855897,2.6927574831
-0.4369289602,0.8274078729,-0.8261107818,0.3904056328,-1.2739393890
-0.6589940136,-0.2285772800,-0.6558216104,-0.2414299670,0.9759528637
-1.2770852206,-1.1957531735,0.0470592549,-0.5641896712,-1.0037490561
0.1320327899,-0.5643668557,0.3361401963,-0.0397600715,-0.2012149024
-0.0682399578,1.0232404147,1.3141044971,-0.1596042893,-1.0299675696
-1.5112916021,-2.2335781534,-1.1759559511,-0.8523197018,-0.0525355489
-1.8805388274,1.4296912013,1.0635557458,1.2451703585,-0.5128902148
0.2440012611,-0.9473643186,1.5498095656,-1.2130250625,-0.5136253225
1.4234158751,2.4898121127,-0.0917264789,-0.4142342257,-2.5071319370
1.7104520165,0.3081821780,-1.8839408205,0.8713568935,0.6138812820
-0.3543996232,-0.5578363689,0.7301253248,0.2339453338,0.4868336420
1.2264947326,1.1931899534,0.7605131055,0.5852847041,-1.2781847238
-1.1154591670,0.8185227180,0.6472027784,0.5181817409,0.8403471898
-0.5540033467,0.5649234322,-0.9888810122,0.0623801402,0.9293259499
-0.6768644679,1.9529079335,1.1340794939,1.3721071544,-0.2111564012
-1.3889494375,-0.6985898307,0.5516669716,-0.2790030334,0.7213651684
0.1504549174,-0.5897537532,0.9342152891,1.3517446999,-0.7321492123
0.5119076220,0.1565941792,0.2808796596,-0.1041074656,-1.2526814309
1.4095237576,-1.0435918671,-0.8706263382,0.6562705924,0.1798747998
-0.7960370419,-0.6575473765,-0.1586974908,-0.4360821800,0.6465263240
-1.1642191183,0.3633206792,1.5305348179,0.2013621926,-0.8882934081
-0.7230384818,0.0436644761,-0.6242140872,1.2346022720,-1.8403836975
1.6389628180,-2.0249898135,-0.0410088733,-1.0829722045,0.8201832388
-0.7740336766,-1.1330678478,-0.3400249821,-0.4110087038,-1.9350301323
0.4545161438,-2.3926254913,1.1763373122,-0.3300648749,0.9530067793
-0.6005581851,-0.7931070668,0.6517481414,-0.5841397576,-1.5476060810
-0.0870768757,-1.3770696057,-0.0129072222,1.3789395013,0.9626683754
0.0018517311,-0.1657187279,-0.3167853963,-0.6375453958,0.3550738828
-0.1578850961,-0.3816991520,0.2700477397,-2.0183767315,1.9564801799
0.6301338425,-1.3937633213,0.1150465113,-1.1290851488,-0.5392683405
-0.8951094234,1.0918608348,-1.9207334671,-0.3543934031,-1.6490629638
-0.0204496213,-0.3177080181,-1.4067199176,1.4397344148,1.5634429174
-0.5641825026,0.5219281921,-0.1488066787,0.2434407079,1.5321309641
-0.2686406138,1.7921674836,-0.2881948534,-0.0935539343,1.8893174376
0.2752171973,-2.0319416337,0.2248028749,-1.2818532298,-1.6626028939
-0.9426428635,0.3260803808,-1.1133676524,-1.4012585088,-0.3797615322
0.4046106483,-0.6963782840,-1.3064363853,-2.1726926140,-0.7762024879
0.8443084417,1.0020902212,0.7898114515,-0.1752912422,0.1293513837
1.2677034455,-0.8686774272,0.3640755761,-1.8708963960,0.6822976621
-0.4510430387,-1.1556314350,0.7728339483,-1.1112349522,-0.8672816781
1.5368184215,-1.0460250843,-0.6560050267,-0.6832544940,0.7848009523
-1.8359116973,1.2503956830,-0.2433538640,-0.3168663548,-0.8966814169
-0.1454513277,1.4703935225,0.2128523864,-0.9325401919,-0.3473551626
0.5344530666,0.0853250722,-0.2573105915,0.6045729131,0.3610866851
-1.0777160148,-1.9149163523,0.5004882032,1.8574441213,-0.8207313943
-0.1410117173,1.3540813825,1.7396339654,0.0652358877,1.2497252741
0.7506339707,-0.5558157304,-2.0188116179,-0.9094275616,0.3692293314
0.4192548342,-0.5022445517,-0.8576999594,-1.6003052401,-1.6803336774
-0.1221201201,-1.5747339234,-0.0151059897,-0.7979808719,-0.4261645427
2.1253676940,0.0482625296,-0.3435529184,-0.1733358329,-1.4736572127
1.3391492634,0.8478164192,-0.5319951317,0.2292881689,-0.6715777258
0.3962812296,-1.3429727185,0.2674707028,1.5012698384,0.4462812743
-0.5900893871,0.9497699794,1.9505429963,0.7309340332,0.0972340129
-0.8022183267,0.4356390293,1.9222667449,-2.0168801677,0.9772894218
0.1477918741,1.5133566781,-0.1279350161,-2.1637225003,1.9914373908
-1.1593828942,0.8003202218,-0.1275702839,-0.0395862956,0.1376238566
-0.5458660679,0.1865838571,0.3076750198,0.8016005617,0.1250215102
0.3186921585,1.3281845214,-0.9020218096,0.0701438969,0.4783125142
1.0354364024,-0.0635821429,0.0993488862,-0.3449469321,1.2402560275
-0.3211720506,0.6852925999,-0.1018750991,0.0308447137,-1.2230582154
0.0567120789,-0.0296460847,-1.4836004852,-0.7404403951,-0.4538522859
-1.5287045885,-1.2171637679,1.4695633055,-1.0299824238,-0.8566779840
-1.3957611113,1.2273819181,0.9182081635,0.3182166183,0.0842407033
-0.4918737495,-0.2844091606,-0.6741547402,0.6582674221,0.6921943755
0.9126284235,2.0488950341,0.7071686324,0.6345284188,1.0036979771
-1.5420098578,0.0047324644,-1.5125028979,1.5772521625,-0.4930096168
1.7731207697,1.0615231004,-0.5522362057,-1.6597664936,-1.1240173337
1.0387212033,-0.3213026047,-1.4812850961,-0.2247117107,1.6927059986
1.6092368634,-0.4730861523,0.3081152004,0.6127457400,-1.4791651535
-0.5329224854,-0.4054133785,0.4040521867,-0.5103013237,-1.3973869965
0.3242068131,-0.6420073590,-1.2278961901,-1.2253967996,-0.2229783279
1.4510570241,-0.1745459793,1.0731250841,-2.2461315540,-0.8386610588
-1.2579898373,-0.2745551863,0.7701948085,-0.5464668174,-1.2444916740
0.9477394167,-0.7621325073,0.2725581062,-0.6649972647,0.5171265219
-0.3835471540,0.7951578238,0.6210044209,2.2212694518,-0.0801743981
-0.9753313320,-1.1611172573,-0.5973170818,0.3753143098,-0.7138250153
1.5189675387,0.2003181656,-0.9770189551,-0.4629532501,-0.6383804516
0.1782672576,-1.0253736175,1.2819643128,-0.3563093484,-0.2372796817
0.9231499539,-0.7484719817,-0.0013711975,1.7922137974,0.4111432126
0.2938229432,-0.4763953518,-0.9942400498,1.7488090450,-0.1601079388
1.8979913532,-0.6838947495,1.2549527838,-0.2053167682,0.4167817678
1.2167086418,0.4415346109,0.8025770185,-1.5629296342,-0.4607015278
2.0446889148,-0.2291364135,0.3186296303,-0.1630897662,-0.6215780228
-1.4940588645,-1.1417417529,1.6825702768,-0.0790606369,-1.1888086355
-0.9040654042,0.8734286196,-0.9471499350,-0.6253518307,-1.1166336002
-1.2591302210,1.6490612397,-0.1408895588,-0.3215069182,-0.6014496269
0.7124528851,0.0614713267,0.2923415575,0.1368658507,-0.3573216788
-0.4808884712,-1.7349021218,-0.4917782269,2.1635579120,-1.2394366199
0.0043718468,0.3357254251,1.1940251154,2.6582765991,-0.3967959321
-0.8771032877,1.0601722006,0.2130089000,2.0063779934,0.7253370629
-0.6687971256,-0.1966351164,0.4230388560,0.5006888593,-1.1341153148
-1.9242065768,-1.6037767771,0.6171601110,-0.1532382606,-1.8348414883
-0.5508402482,-1.9370152684,-0.2631785409,-0.8653596080,-0.5579657998
-0.0843548774,0.1826299671,0.0595553698,1.2916776681,2.4010283712
0.8519643807,-0.1896323824,0.7519677881,-0.7272664937,-0.8258371889
-0.8712445962,0.2923594549,1.2385057812,2.2241357579,1.3242715339
0.6976873666,-0.6883266959,0.0766482093,0.5434592853,-0.1222530820
1.8628616771,-0.8199507436,-0.7141378092,0.3800449900,2.0068004461
-1.8127423957,-0.8460402102,1.2879030120,-0.6789510067,2.0590947875
-0.8215196653,1.0723260033,-0.0881774772,0.4595589411,-1.0358850981
-1.6062075046,0.7755495673,-0.5293075937,-0.9186930511,-1.1052928485
-1.0450357613,1.3532266600,-0.9226432797,-0.5424728450,1.9666844061
-0.4323158963,-0.0056563704,0.3676509020,-0.2959990897,-0.6881266372
1.2788848261,0.3198307019,-0.6294936047,-1.3852980990,-1.1576720636
-1.0245453979,-2.1559839983,1.1739384106,0.1021006932,0.5366538643
-1.4188743129,-0.4851076979,-0.2400995184,0.0755897802,-0.2062859607
-1.2449243611,1.0918492261,0.7102840222,0.0748600228,1.0322338008
1.2081034316,1.3939063985,0.1630253946,-0.3147950374,-0.4798119335
0.8912329835,-0.7014648964,-0.9135261234,0.5543969117,0.5230041744
0.6365496358,-0.8492180412,0.3007372030,0.9152972035,-0.4798314665
-0.2681383507,-0.2979540549,1.5192183806,0.9008086149,-1.3405698675
-1.5207515146,0.6501107095,-0.2131030929,0.5325724756,0.2656954315
1.0096008758,-1.6257150229,-0.5478630059,0.2509940713,0.2344695325
-0.9481393573,-0.5271589401,-0.5858428170,0.0446791669,0.7005642507
-0.2754684961,-0.1530540544,-2.0941775046,-1.0611034382,1.8529800552
-1.7147076270,1.3643918413,-0.2978917908,-1.9632017485,1.4576845828
1.2840688927,-0.5032482223,0.8672769906,-0.3558945361,0.0509262740
0.1662694998,-0.2310105532,0.5243726218,0.3857490055,-0.5228848885
0.2959931605,-0.5205875284,0.1338186563,-0.4968695992,0.0972906741
1.6006458902,-0.6538914230,-1.4631270486,1.5941454634,0.2924444051
-0.6506141845,-0.2496499323,-0.9137510615,0.9378438440,0.7133390083
0.6285723575,0.2202034277,-2.0500416442,-1.1869783953,0.2844003072
-2.6549489142,-0.0792556147,-1.0253123675,0.6332937004,-0.1966013804
1.0589181143,0.3376546694,0.1137487520,-0.9733395320,0.6277086215
2.3792826086,-1.7104444455,-1.0237343924,1.6640926832,0.5117912317
-0.2959296194,0.7819784280,0.3324921029,-0.6526219432,-0.6682909118
0.8552752694,0.3433047189,1.0776824811,0.6537807475,-0.6139953124
1.5241161621,-0.9231629135,-0.4532950764,-0.7827821608,-1.4011801725
0.6225936636,-1.0528532270,-0.6842248425,0.9427729237,0.8652131498
-0.6214242137,-1.3080394361,-0.1042536502,-1.5978658876,-1.0104242085
-0.3877762983,-0.1581302236,-0.5552302117,-0.1453449014,1.3820403206
0.6271261619,1.3792262574,0.8960293987,0.2319816689,-1.2138402744
-1.3360870818,-0.0205852785,-0.4086076145,-0.9345430974,0.4097046129
1.2240791783,-0.0680874849,0.0858355592,-0.5469648680,-0.6879409076
1.9736530368,-1.2564110186,-0.1612246653,-0.4471401479,-0.1098916344
1.0463333650,0.9937626342,-0.1401119976,1.1234957047,-0.7665471723
0.3556771122,1.7795120256,-0.5775879393,0.2051174074,1.4985799350
-0.8424775531,0.0643251455,-0.3148003733,-1.1169430958,0.4042611098
-0.8441290591,1.6557544502,0.0206611917,-0.2101495446,0.0408717977
0.1027873815,-0.1992242250,0.0572285194,-0.5748115594,-0.4994395008
0.5270435091,-2.1363503171,-0.7994831987,0.0085552046,0.3423804552
-0.3905414879,0.1362240435,-0.3494646995,-1.8607135660,0.9404708479
0.2679959959,-0.9573570221,1.4749749536,0.6774944926,-0.6255044628
1.1065667305,0.5390278300,0.8288747724,-0.6017937531,-0.5566334870
-0.8224641507,-0.5410584750,-2.3130883609,1.0837660722,-1.1804481912
0.5697123943,-1.2982193039,0.1168068160,-1.1923516786,-0.0198789813
-1.5996962404,-0.5919210553,0.6596407423,0.2138962281,0.1710459038
-0.8584359277,-2.1965322143,-0.8930257520,-0.5109507506,1.4792489858
0.5695239048,0.3164623664,-0.5818633844,-0.7292595537,0.6406217515
-0.3720512479,-0.3368944660,1.9178545023,-0.9818193631,-0.2816057094
-0.2496899535,-0.6513331141,-1.4115665769,1.2723506872,-1.4124462925
-0.9076143892,0.2562652227,-1.2437357032,-0.1557997517,-0.2565950542
-0.2367500455,-0.1400667212,-1.4084206888,-0.5495029952,1.2845129108
1.1639435396,-0.5807784805,1.0848958557,-0.9398651932,-1.3639584947
-2.0172631219,-1.1129982414,0.4598776572,-0.3255479303,1.6616341230
0.8394363830,-0.3542147290,-0.2232805501,-0.2159117584,0.9991059016
-0.3841898453,-0.0145021342,-0.7354443005,1.2987542469,-0.3491102420
-0.6467965902,-1.5201407493,0.9662474690,-0.5917024381,-0.0703882420
-0.4104467197,-0.1865182889,-1.9825481060,-0.7845791723,-1.0836114411
2.1783953802,1.3468659294,0.4380767739,2.4867637609,1.2773223590
-1.3447234231,-1.2852247127,0.2678649816,-0.0693745183,0.2114773086
-0.8249311617,1.8455042019,-0.3511134769,1.1202303481,1.4593915697
-0.5852353969,0.5763811250,1.5929784121,1.4582453451,0.7517688775
0.4397053445,0.0788504487,1.2687669107,0.5830606232,0.1242912726
-0.4727070095,-1.3526571091,-0.1735236860,1.8644573766,-0.4836120643
-0.6412228201,-0.2406620838,-0.2128687791,-0.5591749709,0.6432376167
0.3257932310,1.1828708291,0.6015103705,0.1864843703,-2.1030662624
0.1971473288,-0.6531297626,1.0777278579,0.0734399203,-0.7626178331
-0.5432405840,-1.2014870259,-0.5475471303,0.3151868231,1.1788235672
0.5198559561,0.8096958119,0.8911053539,-0.3236265249,1.4531458631
-1.3517067796,0.1233824352,-0.5257552656,-1.9654454394,1.6589946628
-1.9976914471,0.6893502451,1.7931750434,-0.2031234163,-0.1153716531
-1.8987831274,-0.2498070005,1.4509183422,-0.5221194468,-0.9743989702
-2.3157499600,1.2856785919,0.4117884010,-0.3020195570,1.0427838637
-0.5306813747,-0.3340185405,2.1240208983,-0.8962656754,0.2903323757
0.2235234891,0.0974420410,0.0062737505,-1.3066607046,-0.1375009142
-0.2424709643,-0.6689244418,-0.8335399688,-1.0017222593,-0.8094268827
0.4090959660,0.0364562430,1.6554974930,0.6033328907,-0.5950585496
-0.5391156440,-0.1729718136,-0.3500211281,0.0036940368,1.9411966404
-0.1519787251,0.1319969898,-1.1916368261,-1.5005466082,-0.1356415985
-0.4172858463,0.2017042188,1.3569880168,-0.5104644638,-0.6845884007
0.9784981624,-0.4356794122,0.0575149748,-0.1056795090,1.8791848579
-1.6831362109,-0.8209057348,0.6507925992,1.1600960959,-1.0290685220
1.1788409797,-0.4710356638,-0.7262614001,-0.6301250450,0.3538303680
0.4846062723,-0.8747795369,0.2059638279,-0.3820916026,-1.1927773767
1.6917863492,-0.9675191513,0.1025404971,-1.1648636220,-0.4313938080
0.0908719409,0.1613954945,-1.0237566040,-0.1198730739,0.3499460591
1.4841777476,0.7981523225,1.0728820363,0.6330242336,-0.6671145945
-0.3283673645,0.9065304233,-0.6874261219,-1.1213498915,-0.0437774326
-1.8179953636,-0.7824211849,-1.1395483737,-0.4124963773,1.3123419668
2.3191849373,0.5930508135,-0.9606293131,0.7311006078,0.4204918676
-0.6023681610,0.8810771082,-0.4835637288,-0.5794446674,0.0573709111
0.6854624289,-0.3683180328,0.3552202638,-1.8294226586,0.2922789560
-0.4784403314,-0.5229201709,-2.5257897473,-1.4492024684,-1.7455461606
0.6054537810,-0.9219314475,0.2733193276,0.6589093177,-0.5464156564
-1.0274585766,1.2105101130,0.2619413765,-1.2326834955,0.4804152325
-0.6638188483,0.4648918633,0.8261752627,-0.8169387255,0.4916404165
-3.0114500754,0.5471280587,-1.9600571153,2.5255548458,0.3541624377
-0.6135474771,1.1332802348,-0.7844451346,0.1191751500,-0.2849065850
0.0011776407,-0.5595446817,0.4381398003,-0.7398498246,0.1125205588
0.6284934755,-0.5955042620,0.8356246675,0.4857233610,-0.2955232858
-0.5139954642,-0.0487949131,-0.4528482940,-0.5138307537,-0.1326914873
-0.2122380388,0.1067772423,1.4197869861,0.9117715746,0.8495599853
0.5173160654,-0.6037885031,-1.0606615048,-0.2275635647,1.1861584835
1.1991968909,-1.4580215368,-1.7741461029,1.6748602278,1.4250135059
-0.6265618064,-0.0772176625,0.0499888467,1.1031849161,-0.4879763565
0.5917901516,0.2737782145,0.3006312922,1.0540165719,0.1466587574
-1.2813218705,0.9024046814,-0.4870478663,0.8978117353,0.2647491606
-0.9780268280,0.2550502325,-0.6350346206,0.2702169495,-0.4042926541
1.0100505099,-0.7117269482,-0.3676326831,-0.6998817399,-0.7938981768
-0.2697532852,0.2142077138,0.5607223899,0.0510386572,-0.4550816031
-1.5590836380,0.9421281407,-0.5076193101,0.4007325948,-1.0651074617
1.5142218673,0.6915553913,-0.8886527469,0.3480651557,1.3427357941
-0.1766208885,-1.7013013670,0.4568132964,1.8474093048,-1.5972296273
1.0248266107,-0.2328555528,-0.0911674778,0.1917348796,0.0123192056
0.8627878074,-1.1645666273,-0.0860398023,-0.9355854086,-0.5107120952
2.9725742926,-0.8459533388,0.4488550254,0.3063224445,-1.9199511869
-1.1472173175,-1.8162109322,-0.1528776424,-1.3146521742,-0.8972527923
-1.5351291128,0.6731945530,0.5968648171,1.4863565020,-0.1758742359
0.7380884815,1.1296002738,2.0920403750,-1.2495516360,-0.8103416662
-0.9809568219,-1.3866283107,0.7144413997,0.7281333770,-1.3978138519
-1.0857245648,0.3136991618,-0.4917046991,0.2290124921,-0.1690760182
1.0600164393,1.1267088564,-1.8298492844,1.3562849937,-0.4818120756
-1.1340324708,0.6029065333,-0.9796984254,-1.2572391169,-0.3449713983
1.3611962477,-1.8179132248,-1.0413232879,-1.6915465572,-1.2047301466
-0.1485609100,-1.3197888295,0.3103775201,0.1058197482,0.7222048117
1.9200354347,-0.9884736391,-0.4809367057,-0.6043046113,-0.4521661263
0.4033623831,0.5998376900,-0.5059605095,1.3317037426,-0.2716373365
-0.1158877789,-0.8899123074,0.6679753355,0.7457116225,0.0028033694
-2.1530098027,-0.2438513601,0.5932740599,-0.4172853560,-0.0967280509
0.5125561932,-1.8193920663,0.7947061704,-1.8936984745,0.0955397604
0.5749597172,-0.5019481049,0.4671493011,0.4938599589,-0.5317320862
-0.4243785885,0.8038925577,0.3064733321,0.6004891078,0.4108361570
-0.5693288587,-1.0569694645,-1.0213835185,-1.3359501761,-2.0088137361
-0.5900245429,-0.9008140824,0.0643331515,-0.2282835569,0.3731490817
1.1258302698,-0.9809308911,-0.2502431590,-0.3807360333,-0.8735687006
-1.1930087089,0.0596486994,0.2635598383,-0.2772783505,0.5623565269
0.3118094370,1.0116631953,0.0432625992,0.1531918592,1.1207956388
-0.4316157309,0.4620476352,0.9953449320,0.9026613874,0.8318435842
0.6250778901,-0.2821092699,0.9844398229,-0.5028697928,-0.4201588368
-0.2123310203,0.5420585475,1.6095068701,1.3212871250,1.2743907164
0.6918278250,0.1555986956,-0.8674961160,-0.5831598081,0.1398612938
1.7071801575,0.5786142628,0.3728953192,0.5815973770,-1.3402208127
-0.6601788487,0.5164952674,1.0236219297,-0.5930736897,0.5589791338
-1.8823859012,0.5044417861,1.4276657888,-0.2000416934,-0.6150119142
2.6754459197,0.0496453383,1.3835610453,-0.6494459068,-1.1882952548
-1.5294663354,0.9960830314,-1.6575951456,-1.9955268177,-0.6133441465
-0.3884783150,-0.2753674414,-1.2401111694,-0.8072506447,0.0571369958
-1.9326925490,0.0979966797,0.6059405172,1.3732699582,0.4556941536
1.1574271587,0.3012308900,1.4945105996,0.1276805270,2.0873517340
0.5998439005,-0.5572828299,0.1847275079,-1.7416994120,1.2110826986
-0.2733422566,1.2328236591,2.2093603702,0.0104383455,0.0382553094
-0.1509952705,0.3730899900,2.2164389370,1.2840505815,0.2414334493
1.0604685237,-2.0579632533,0.1239219788,-2.8295371212,1.1243166513
-2.1687699411,0.5476518627,-0.9028320684,2.5591226548,-1.2645553680
-0.3288242972,1.6925970296,0.4436726658,0.2073433106,-0.2298278930
0.0945331393,-0.7495543711,-0.1655823408,-0.0436867613,0.7308994531
0.0812377354,0.8467107210,-1.4869443939,1.4106844350,0.4577905164
1.6395435931,0.5321765454,-0.1015125886,0.1411666715,-1.1535163780
-0.2261296101,0.1863317338,0.1346939607,-1.6363709534,0.4908097389
-1.0033205985,-0.2146809728,0.8512766946,-0.7063052981,-0.1251191735
-0.4401475385,0.5403207334,-1.1522202183,-1.5511868223,-2.0742574680
2.1759560475,0.6778847167,1.6182364885,-0.3740367467,1.1225180950
-0.4451686264,-1.2627784985,0.8469605112,-0.2944486258,0.2599052410
0.4189440674,0.5914798182,-0.2127514439,-2.3094643263,-1.1880459373
0.5654944685,1.9469159928,-0.0351774351,1.3797564993,-2.3766935036
1.4900956248,-1.1355849645,-1.0134884619,-0.2997819302,0.2966840865
-1.1977493394,0.9961053034,-1.4421992143,0.1360323944,-0.8838160226
0.2133873843,-2.0175689885,-0.9793033165,-1.2490558971,0.9096789974
-2.2396876198,1.7309140047,-0.5132521736,0.1898184027,-2.5475157453
-0.7969824176,0.8376202833,1.5003589739,-0.9909552239,1.1327389546
0.1750029927,0.6419954902,-0.2124983330,1.5149803705,-1.7075599646
0.6424188790,1.5376755198,0.7691371023,-0.2866512453,0.5175447956
0.2614125252,-0.2753310615,1.0696281387,1.3427902285,-1.3606872919
1.8584614605,0.0517412204,-0.1707309563,0.9264294977,-0.7672009029
0.4681774643,-0.3274672442,-0.0349363540,0.3874221837,0.0211431869
-0.3281953579,1.2051804232,0.5736833832,0.4992745097,0.8849440935
-2.0893120440,0.9092751645,2.3069825938,-1.0342841420,2.5180678632
-1.7900736105,-0.6974592361,0.6742957081,-0.5977330657,-0.8900769056
0.1530437637,0.4372804797,0.8744355790,-0.2721521232,-2.0286133177
0.5726034653,1.2954278037,-0.4612589730,0.7867320841,-1.3632272214
-0.7223717915,-1.1864298772,0.0960411124,-1.1714908267,1.6562757599
0.5123995114,0.0435892632,0.7158184324,1.2774710926,0.3887564415
-0.8365565852,0.0872922668,-0.4363323760,0.5385576156,-0.3871056378
0.0708620420,1.0501306289,-0.7986120053,-0.1476843292,-0.2333878112
-0.6095425300,2.5588866435,1.1693778929,-0.6587122897,-0.6421872888
0.3413479534,1.2665075318,-0.1024538984,0.8524997078,-1.7470818654
0.4043597500,1.3253230505,0.1623694849,-0.6354460698,1.1112524465
-0.9833875285,-0.2821918444,0.6140100587,-0.9079001709,2.6512020023
-0.1895268236,-2.0124277486,1.1040219822,0.3624182011,-0.0367289837
0.4928246936,0.6431989961,-0.1011229704,0.6946908936,0.3980646133
0.9607582392,-0.4757497695,-0.3771729434,0.6362764607,0.7091919609
-0.0158353616,0.1038855738,0.9613614270,-0.8443715560,-1.1941224274
0.8011514469,0.3923026522,-0.6982478147,-0.2806826070,-0.7545402579
-0.5176731780,1.3266378390,0.0538132603,-1.1088162007,0.5273524141
0.5298622960,-0.0597802095,-0.0673541072,0.5056985110,0.7712153736
-0.0966213104,-0.5639850499,-0.2271548556,0.9805928811,0.7737780374
-0.4206851655,2.8411577937,2.5112777846,-1.0522263012,1.0299355317
-0.9962746702,0.0441648009,1.5538139344,0.7740340466,-1.1937693765
0.5178680903,-2.4529406513,-1.5861342787,0.0352775249,-0.8256391838
1.5773401979,0.1334967756,1.2775924939,0.1175809757,0.1694987979
0.1728323356,1.9665170407,1.6176001556,-1.1186231263,-0.2598704635
1.6860198299,-1.5058937870,1.8389756240,0.6344495178,-1.0205954729
-2.2218791473,0.0599699579,1.7431515417,0.2344997857,0.5542717622
0.4867851936,-0.2457193965,0.3972136269,-0.6277432777,-0.5732114694
-0.9237324252,-0.3739792630,-0.3745975000,0.1866503039,-0.3455722661
-1.6574176313,-1.1055036971,-0.2679877719,0.5291396613,-0.2894890565
0.3907769678,-1.5386224090,1.1892838510,-0.4612533793,-0.8058807078
0.0387567319,0.4507147982,-0.2260069936,0.6600403364,-1.7660976617
-0.1000615495,0.8610306234,0.4795592032,-0.2836242157,0.3254634180
1.7567240865,-1.1293315278,0.2619612583,0.1262047763,0.6980137626
-1.1412039116,1.6017996540,0.8716082453,2.3188371389,0.0806344852
-0.6019132953,-1.7968292920,-0.4720419850,-1.2689167679,-2.0111793282
-0.8661676720,-0.2616093392,-0.1669127706,2.5848587573,1.5592881955
0.1960862850,0.7205739067,-0.3769680284,-0.4137337718,0.4985224574
-0.1113536601,1.6011307854,0.7523313337,-1.0348345867,-1.4902178476
0.1591202405,1.2043778880,-1.0454764566,-0.9293965034,2.4026457687
0.0300771824,-0.3313588791,2.4884804718,-0.2937306041,-1.1289363545
0.0837229203,-1.2486054078,-1.5850917288,0.9653592454,-0.5569528268
0.4910819576,-1.1073464116,-0.2402482064,-1.2294283557,-0.9434616379
1.7514366189,0.7505003613,0.6824507808,-0.0205759327,-0.3470734989
-0.0258790345,-0.4298755143,0.5161679140,-0.0933051513,0.1983392350
2.6774341238,-0.0022080761,-1.0870743286,1.5941716285,-1.0305115220
-1.0347419218,1.8125751856,0.4469932254,-1.0085103603,0.1012373441
1.4180197801,-0.9041032710,0.2166428947,2.4451671754,-0.1258019734
-1.6670705412,-0.3782402206,-0.2782648074,-0.5183850457,1.7534032651
0.2129260214,0.0422850922,0.5617847597,0.1603554640,-1.9262216777
0.6814564300,0.5536638512,0.3949480855,0.7401092228,1.1210097302
1.3931429698,-1.5964623427,-0.7556639368,-1.0166868460,-0.4549783330
0.3685698838,-1.7854403746,0.6690029043,-1.5141591784,-0.9935863280
-1.2197685258,-0.4931622644,0.3211315199,-2.0576004085,1.5614520492
-0.9652790723,2.1638510329,-1.5390059758,0.8636508645,0.5695394845
-0.2329803881,-1.4318752042,-0.4682797390,1.2896098214,0.8581569804
0.8602201685,1.4923180249,0.4867009815,-0.0618638153,0.8729191441
0.6973655769,1.3777174977,0.4776805834,0.6114093041,1.0123748320
0.0002677244,-1.0842912688,-0.0349657416,0.0994535750,1.1276657514
0.6532010045,-0.5004121214,0.2312579455,-0.2981457046,-0.4938485855
0.8142445361,-1.0445211668,1.0638708077,-0.3429207664,0.4321700425
-0.3998819071,-0.6623055219,-0.6299631111,0.8451586804,-1.6976885065
0.1177883321,-0.6435804296,-0.5069674838,1.8233698924,-0.7010577010
-0.7371333965,-1.5467741222,-1.8701546362,-0.2414092287,-0.6853937018
0.6908938021,0.2025515516,-0.9101761955,1.4684897512,1.0994947520
0.0190025396,0.7835861447,1.7129083637,0.3936423603,-0.5470528131
0.1171944419,0.1737006404,0.2775728884,1.1458308448,0.3176786835
-1.6520644742,-0.8005175286,-1.0665274710,0.3545172566,-0.2686228381
0.3526765818,-0.4943667555,-0.7283456789,1.0173226112,0.4030020515
-0.2393393155,-1.6629122111,-1.2865889100,-1.1843740303,-0.0611879383
-0.9586064663,1.0700356276,0.7424188269,-0.1649367060,-0.8517458121
-0.5026103180,0.2910732144,0.0210380824,-0.2123224493,1.1729234970
-0.3496024770,-0.1380482794,0.5539615707,0.2707853730,1.0808259322
-0.4923216481,-0.7786974694,0.6578637216,0.1274777753,0.7919184461
0.7217662560,0.7070121170,-0.9750795516,-0.0967745078,-0.5395531410
-0.4669659246,0.1233399242,1.5159022940,2.0885036099,-0.8228571385
-0.0407676456,-0.8049311201,-0.7797987923,-0.2703182653,-1.6217403303
0.3595308567,-1.1275786741,-0.1748959072,-0.7984626718,0.6794750774
0.8002652413,0.6045387158,-0.0602092029,-1.6095309216,-1.0597480079
0.4422833577,-0.6100045741,-0.3208343524,0.5140710646,2.1128916345
-0.7454513423,0.4316109048,-0.5710369317,-1.1261974931,-0.3447999742
-0.2529518443,-0.4359657297,0.5085019285,-0.2896419650,-2.0623174479
0.5274637345,0.4806465458,-1.4353348448,-0.6762406441,-0.4822013623
0.6777548807,-0.2507944819,0.9506239110,-0.7576625340,0.8521408948
0.0016493362,-0.3711709673,0.8332513565,0.7960680689,0.5753457873
-0.1283383534,1.0466017574,1.1937346948,-0.3111098112,0.1075106759
-1.5162758643,-0.6817746437,0.9735815888,-0.9554385776,0.3339905707
-0.0381301841,1.6435768389,0.1394085816,-1.8771243206,-0.4226626890
0.4223420555,0.6074503259,0.4643603856,1.2704010127,0.2526693588
-1.8937297827,-0.6395740958,0.2113682522,-0.6842079243,0.3479771322
0.2837067581,1.6126662503,-0.7055774902,-1.2020227627,-1.2547036002
-0.4757945912,0.5003618824,-0.1565032198,-0.6892815337,-1.1084615118
-0.2352610235,0.6200119046,1.1153177307,1.2485357837,0.7103036685
0.3040346616,-0.6237071123,0.3111412535,1.4837704938,0.1080209877
0.7453427940,0.0024488886,0.4736233008,-0.9259839068,-1.2807781050
-0.9833967931,-1.9477313841,0.8598280575,2.3836315957,-0.2086999582
-0.7939435915,0.3557318813,1.5945703486,0.0904857269,1.2841847414
-0.0095255765,0.2327589282,-1.5163554832,0.3496777787,-0.9303757672
-1.0474220321,-1.5666459708,0.6007325702,2.2853345894,-0.7208272442
-0.2696043939,-0.3606026235,0.4411264610,0.9834678582,-0.0367077251
-0.4001773160,-1.7973649956,0.6327317885,0.0792515976,-1.8077517600
-1.1740556500,-0.9861810739,-0.4459476070,-0.8975700926,0.7776383472
-0.9512604583,-0.5051419632,-1.0465410974,0.6908480614,-0.4310525755
0.0053186498,0.5526530681,-0.0102710278,-0.1418695696,0.7520818758
0.3746542944,0.1158693850,-0.3848196563,0.1630891262,-0.7191556161
1.4956366859,0.2837653439,0.4503232628,-0.6413184012,-0.2231816723
0.6902641642,-1.9491780707,-0.2705605961,-0.6417867199,-1.1339880360
0.6804087374,-0.7679388488,-1.0394129764,1.0011425989,-1.8789068664
1.0335427339,1.0661412821,-2.0444678698,-0.2279734600,0.2868211483
1.0177976721,-0.5305574737,-0.1658071020,0.7446028316,-0.9017421420
0.5821204230,1.1050972726,-1.0487187467,0.2993821682,0.0780147069
-1.0504339197,0.1517499205,-0.2576775304,-0.7937718445,-0.3611951000
-0.9769834958,0.3981672369,0.4095513675,0.7565495207,0.1003852936
0.2109832857,-0.5590652611,0.6515581698,-0.6249575293,0.5646398070
-0.4577562515,-0.7743181110,0.3896836677,1.6345509482,0.8560488198
-0.4493631844,-1.3895249809,-1.5028513181,0.2802894764,0.1637845419
-1.9300138608,-0.1589151653,1.0769909842,-0.0255884236,-0.0323618420
-1.1601921180,0.6896240335,-0.7067085623,-0.5703150184,1.1461667279
-1.0132282812,-0.2025255563,-0.0101038226,0.3851872417,1.5378444111
-0.0183401503,0.5221234980,-0.0923057128,-1.6740665319,1.1123383801
0.7324283906,1.2013507593,-1.0520631151,0.1419217034,1.9012765796
2.2047021265,0.0753720365,0.2960884897,-0.9599856993,-0.2058899004
-0.7654582616,1.0457653398,-0.4033181158,-0.0913604968,0.7944362109
-0.1320002418,1.0396783364,-0.1683738137,0.7487816382,-1.0115259840
-0.0171362690,-1.4755290786,-0.8628700791,-0.7380647862,1.9329050592
-1.0586892925,1.9382469873,0.6603116532,0.4618817251,-0.7291870265
0.8140601879,1.8871580462,0.9789122707,0.3977655408,0.0762359715
0.6907862431,0.1591679033,-0.2072500352,0.8703145998,-0.3314486902
0.8874397747,2.1042204146,0.9601989278,-0.4823362717,-0.1870168394
1.0605993930,-0.8236691498,1.8683368002,-0.1950810487,0.1385802945
0.4220197913,3.2571990747,-0.0874649218,-0.5723287219,-0.4037062446
0.6574706371,1.6963789176,-1.0172434543,-0.3525384411,-0.2192943270
-0.3860692306,1.5010478826,0.8856578663,1.4164262972,-0.4797427549
-1.0967927321,-0.0511158910,-0.7475736013,0.2150459299,1.0597017435
-2.1865836841,0.7384576928,2.1418280129,-1.2260017238,0.3214964485
-1.1778509500,-0.8729168476,0.1141807821,1.8245780549,1.6089894923
0.1138223268,1.0268073048,-2.7655779247,-0.3522078613,-0.2509096899
0.5736104271,-0.7837235119,-0.8851197714,-0.9229376597,0.5695038082
0.3747656522,-0.3664373169,0.9367417536,-0.1409695656,-0.6274435868
-0.6941938225,-2.0940803838,0.1642509845,0.6945195944,0.4981575940
2.6612059472,-0.3518154441,-1.2897778309,1.7877017834,1.5659489315
-0.7842351300,-0.0589739696,-0.4898664023,0.5411390096,-0.3368725502
0.7700532474,0.9833555602,1.9830274531,-0.4123833714,0.7745799451
1.0426020706,0.2421927916,1.6230543899,0.4427839499,0.1434051530
2.1272121159,-0.7697505004,1.1947519881,-0.7344396872,0.5984597023
0.8170655579,0.9564937800,1.4528615414,-0.6648146080,-1.2459811511
0.2125646812,0.3256680928,-0.0787557193,2.4950131872,0.1287480785
-1.2780490191,-0.7132845664,0.4741371158,-0.0907245365,1.1880876405
0.8923405447,0.9222601666,0.8635276213,0.8201884352,-0.1167410947
1.5653543485,1.1302148065,-0.6958749725,0.4480690587,1.0431465207
1.4513513380,0.4793244799,0.8662751218,-1.9472798859,-0.2503167312
0.0090498987,-1.0162501296,-0.0014279683,-0.2604222310,-1.1599671964
0.5643689201,-0.6599708433,-0.3894591234,0.9699476124,-0.6454208614
1.4006627825,0.4714223210,-0.8321395664,-1.4519345713,0.0813297688
-0.7320993392,-1.1805264598,-1.2712779825,-0.5185137458,-0.4757923579
0.1615655808,-1.2509904452,-0.5290852784,-0.6227593540,-0.7542448954
1.3019073272,0.2715569675,2.1466659443,0.7917031010,0.3709514133
1.2559217639,1.1714576010,-1.6201353531,-0.8039795412,-0.2257488465
0.2854529713,0.2813581333,-1.5433941325,0.3775209913,0.4475123345
-0.8992520478,-1.1683697145,0.5703353931,-0.4427041040,0.8498698970
1.0125321776,0.3761764489,-1.4341400628,-0.8907668890,-1.8297978906
-0.5093866358,-0.8898497719,1.5635358509,0.6449343757,-0.2485948211
-1.2202515346,1.8056491900,-0.8769004498,-2.0154953873,-0.7521490785
-1.4407624272,0.8167286806,-1.0266428269,0.5123002215,1.5054635870
-0.9199545785,-0.1179279609,1.9090180125,-0.2679666508,-0.2566035630
-0.3114738530,-0.7500543319,-0.7937943977,1.0455449036,1.2401394629
-0.9017228060,2.0066816575,1.6478148749,-0.3089426623,-1.6550681997
-1.0218284104,-0.2026924118,-0.2417756232,1.7184840407,-1.2780503187
-0.1145989168,-0.1928658752,0.8220069067,-0.2339018143,-0.2802951875
-0.0189054117,-0.4625890367,0.5502955851,0.5510484081,-0.8705242999
0.8520286603,0.3288854064,-0.1168619474,0.9782301661,1.2853819195
-0.7659424697,-0.3604538920,0.1070834872,1.6620286704,0.3995432958
0.2360417878,2.0043593400,-0.2376355524,0.9785013874,-0.6763375831
0.0970724702,0.9150119088,-0.7164094621,-0.6582132725,-0.1315309148
1.4996241286,-1.6509916790,-0.5939462089,0.9913133692,-2.1954906285
1.8917142845,0.1641714096,2.0048798923,-0.9478540406,0.8276465583
-0.6511898033,0.2849248354,-0.7397939171,-0.6352736953,-1.7169045430
-2.8346457151,-0.0559632723,2.3630496114,-0.2928281321,-0.4865329925
0.4894930256,-0.6700681308,-0.5144504149,-1.2619813832,-0.9286497220
1.0777029442,-0.8517580047,0.2022623433,-0.3695160679,-0.8691823416
0.3105462358,0.8266013431,-1.2225027200,0.3488761622,0.7862149058
-0.3062381671,-0.0797698142,0.0049510815,0.2035794733,-1.1279478073
-0.5158492404,0.4135447372,-0.7586897203,-0.0865393900,-0.0727114613
-0.7795688780,0.1331043416,1.3076936172,-0.7930445975,-0.6155454948
-0.1603951181,-1.2072152849,-0.6018526297,-1.4835015787,-1.8665798383
0.3348965908,0.8374540630,1.7368394126,-0.1609610272,0.9555656843
-0.2947264850,-0.7346027127,0.6450893116,-0.2512987898,0.6584217199
0.2924993342,-0.9759004076,-1.1009922260,-1.0360097686,-0.6594046414
0.9075277942,-0.1125476914,1.4226683736,0.5456016419,-0.1777802046
-0.8562752430,-1.9647671576,1.0849345027,1.3044781166,-0.2334345133
1.7487788077,-0.0645276371,-0.0239154671,1.1404673048,0.0124354044
-0.4542737540,-0.3586670193,-1.7185134631,-0.0781112635,-0.0199845392
1.2188454739,0.6440087364,-0.7457023216,0.8062657951,0.2931695691
1.5661253501,0.9036201897,-0.1036501744,1.0437338124,-0.3730545088
-0.9591484230,0.2421034859,0.5568540907,1.0455239413,-0.0290907361
0.0580552909,0.7251461745,-0.0724852795,1.6103460461,-1.4858683214
-1.2662184456,-0.2757974676,1.1080180574,-0.0918597090,-1.3547518419
0.7765744530,-1.1244191668,1.2830828810,0.9046283704,1.5053655531
1.2539931550,1.0952828897,0.7156247828,-0.3096064281,-0.1011065741
0.0141075871,0.1978426938,-0.5376260115,-0.7305886480,1.4199667920
-1.1709554232,1.0798871623,2.0360812027,-1.0167416302,1.3908301813
-0.1140083892,1.4661232166,-0.5615625480,1.2957068771,-0.6870621928
-1.3079909079,1.7698052875,-0.8331624892,-1.2707408417,0.0349908977
-0.3137315361,1.1910825624,-0.8650475039,-0.4358602682,0.7912645363
-0.7191612720,1.0346331120,1.0752631432,1.9861330303,2.1009811973
-0.7227960264,-0.7155944777,-0.9132881287,-0.0167284349,-0.1257520872
-0.2166568168,-1.1484151608,1.3005532294,-1.4823024270,-0.5376299269
0.8003466559,0.6272976241,-0.2070086882,0.9518369573,-0.3301447394
1.9820334344,1.0483950641,-0.7487124156,0.8579858569,-0.2189524567
0.3851613226,1.2235849410,-0.8253111303,1.4055018451,-0.2666308143
1.0941230112,0.4428287722,-0.5512188264,-1.3588556438,-1.2241850348
0.2972894224,-1.0872770174,-0.4945539661,-0.2463963053,-0.6411520512
-0.4470117959,0.6071701085,1.1189682120,0.4668209498,0.6452442835
0.5343699761,-0.4386634142,0.1854319612,-1.6904959076,0.0810827713
-0.4276301829,1.2375444969,-1.8579592884,-1.0700178967,2.2792562264
0.7349469038,1.3827985909,-0.7886935703,-1.4538069684,0.4824337743
0.1602489329,0.5443034197,1.5466594769,0.8543062669,-1.5474105459
-0.5101821499,-2.2065132133,0.5470083935,-0.4652482071,-1.2707933267
0.3594881796,-1.1054290181,1.0082597192,0.7170967047,2.2346410445
-0.7527246847,0.9545151962,-0.4509907434,-1.2038660717,1.8582428706
-1.0614084410,1.6506478441,-0.3554037257,0.7245180385,-0.4269811002
-0.7731639360,-0.9003219417,-0.4173453286,0.2460756813,1.4014373853
-0.7936544096,0.0284880608,-0.2693745064,-0.0843048153,-1.0230602803
-1.3805275743,-0.4688571570,-0.0322547476,2.4049949022,1.4983971546
-0.4049967998,-1.2949115702,-1.7096167640,0.9432952243,1.2038590779
2.0767808549,-0.2626195398,0.3894064815,-0.3427063374,1.4247820030
0.9285856338,-0.7745125996,0.1691067232,-0.9992432929,0.1112186924
-1.4154995398,0.1962775445,1.1926589723,1.2639962268,-1.2391526009
0.0510805903,-1.3352059586,1.0917775012,0.4071323805,-1.1348410373
-0.9134674415,0.5592575446,-1.6986744817,0.0687947481,0.3618897312
-0.6599920218,-0.2654883260,0.0903933851,0.5778280421,-1.2487243048
-0.5618160151,0.8009185055,-2.6110638291,0.9804291237,1.3374585425
1.8969017542,-2.3597407953,-0.4591428905,-0.6474848469,1.4512670597
0.6673570093,1.0243929176,0.7350970643,-1.5239566997,0.4200510752
-2.1778261325,0.4418989721,0.2012256346,-0.1804121758,0.2385261282
0.7148879838,-0.7816229763,0.3585355445,1.4561473202,0.3957362957
0.2306910823,-0.0145105046,-1.2978311792,1.4285240680,-0.4123819566
0.0402421057,-0.2982916700,-0.3555964225,-0.5898105280,-0.7042682684
0.9323235558,1.3657903703,0.2421192633,-1.1551878386,-0.0661807664
2.2205543912,0.3123584407,-0.1958811925,-0.8191351249,0.5301862566
-0.2392726520,1.2840751094,1.0867189532,0.5141404266,0.0752730110
0.5387429947,0.3156476147,-0.2337634725,1.3298559982,-0.0927034651
-0.5347588523,-1.6776627210,-0.2148642304,-1.5337005012,0.7627208175
-0.8060799488,-0.9152378597,-2.2643892723,0.2761355355,-0.3029168693
0.6999575475,-0.9280056974,1.0228814840,0.7385810476,1.6395821782
-0.4548851431,1.1292082243,-0.8159720107,0.1054949248,-0.2358641382
1.3896849270,0.4367776931,1.9604254952,0.4001376319,0.1796223783
-0.0651002680,0.2750041507,-0.7158738016,-1.0650632069,-0.5302232687
-0.3580017834,-0.5092596516,2.1880435823,-0.1745596897,-0.2900098099
1.2639776836,0.9073398629,-0.7223670305,0.8610306301,1.0204157052
-0.8248599551,-0.1309533464,0.7201031207,0.9125161314,-0.7360326301
1.2052225873,0.5542605003,-0.9071315357,-0.2343968147,1.8419462964
0.3989378058,-1.8854105134,-1.2365273656,1.5164668628,-0.0490567314
0.1736746336,-1.1626993371,1.5438607811,-0.1111480608,-0.6000803984
-0.1200088806,3.0137276352,0.0325655628,0.3767978515,-1.4304511287
-0.6270122668,-1.8592791617,0.9588095244,-0.6788482845,-0.4466080719
0.1272876463,0.3653619168,2.0625114581,0.0255078869,1.0582469496
-0.7119340657,-0.9919234826,-0.7117427662,-0.0570167241,0.2596758998
1.0575499440,0.9223909409,-0.5625273432,0.2968161790,1.0814759700
-1.3353245276,-0.6736498928,-1.2706670288,0.6087894057,-0.0228180635
-0.8703903165,0.5098757536,-0.3562067272,0.9869541037,-0.1953675351
0.3307847411,-1.3887160604,0.4531401818,-0.3786071144,-1.6917717795
-1.8111095641,-0.9735728239,0.7836153903,-2.1188058119,1.1758754000
-0.1739307618,0.2340267253,0.7538783257,-0.7910426610,-0.0284789996
-0.1452759357,-0.5890349673,0.8557782097,0.1226487147,0.7557236510
0.8597254351,0.4008378860,0.7733164614,-1.1238379574,-1.3090626770
1.4528664568,-0.3781829673,0.6514164428,1.0975689513,0.3676277817
0.8077034363,-1.2136171106,-1.3141488424,-1.1575238811,-0.6080448237
-2.6047591776,-0.4034295896,-1.8519560809,0.9965939729,0.4325042445
0.4861388452,-1.9370399315,-0.3922972942,1.4547656996,-0.7130912223
0.8577457685,-0.8873977465,-0.1533183106,2.6469742711,0.6704378191
1.3155863208,-0.0486539898,-1.5346322908,-1.4521500152,0.8296655013
0.3004282082,1.4555027026,-0.4761307726,0.3558794034,-0.6954271963
0.6648478704,-2.0821381485,0.0375432560,-0.8868576530,-0.1294885594
1.0146165713,0.3873408123,0.6268909258,-0.7936744918,-2.6718903164
-1.1258968407,0.2617416681,-1.1691881526,0.3710374235,-1.8417437541
-0.1568137447,1.3321678217,0.5027092516,-0.8495363952,0.6790911281
-0.1331532209,-0.6240514240,1.1248531568,0.3798315771,-1.9596974538
-0.6410343515,1.5427620118,-0.1152494726,1.9798825891,0.7535820689
0.9486247752,-1.6653016180,-0.4773595478,1.5084347454,1.3731161828
0.1962197933,-0.6636469063,-0.8977603290,-0.2722581118,-0.1068715639
-0.9806726204,-0.9736053059,0.5667638434,1.2674866114,0.4147576377
0.1166769999,1.3659577035,-1.2017118678,-0.1625928639,-0.3972319117
-0.5237128035,-0.9595464280,1.0003030882,0.5914339959,-0.2317951709
1.5317049578,-1.4939347223,-0.1874423724,-0.9364426045,1.6769009157
-0.1796562896,0.3117032576,-0.3536025541,1.0992253727,0.5479692526
0.4862875858,0.1571453181,0.8592535684,0.5134278109,0.6213235058
-1.4276868077,1.2207048499,1.0912458667,0.6947029026,-0.2807069446
0.0441227110,-1.0686865406,-0.4776146568,2.0042078373,-0.1128749154
-0.5471607072,0.2983989190,-0.1154977731,-1.0567823528,0.4984371450
-0.4246036672,0.0649580570,1.1970672077,0.2764625397,1.3529287834
0.5483145663,-0.6574128263,-0.7527650711,0.0963286347,-1.0233717732
0.4609610541,1.5076109111,-0.2093319000,-0.1109730504,1.9183627963
0.8929245639,0.5772164386,0.9735316932,0.1799930810,1.5779186884
0.9455324784,-2.3444936234,0.7645200646,0.4120228293,-1.5075414346
1.1454671905,-0.0458156661,-0.5509807186,-2.0653435708,-0.0132906448
0.0113779488,0.6277760900,0.2508532342,-0.0181173415,-0.7623440419
-0.3082466468,0.5637933944,-1.6806464654,-0.5057449387,-0.0007793570
-0.0376863864,0.6802023538,1.8202473237,-0.3158173017,-0.2319688496
-0.3900700481,-2.1289520183,1.2080852399,0.3377492216,0.7085914166
0.0393757628,0.8588870190,-0.2286441391,0.7093863830,-0.6121273840
1.2216712774,-1.1476127592,0.7066704707,0.2702178912,0.8338179787
-0.2553360680,-0.6954961959,-0.5251006744,-0.2708507450,-0.1325417001
-0.9459230544,-0.2937894215,-1.8427175757,-0.3830777871,-0.1764619730
1.9565769236,1.5875865733,1.2291748224,0.7678623613,-0.0297053407
-1.6888916111,-0.3322824982,-0.4089966721,-0.7271142211,0.9022002045
-0.2495278604,-0.7823798082,-1.6380821138,1.3804572319,0.9778405003
-0.0432368669,0.4363658977,-0.0992231511,0.7464109885,0.3377577988
-0.4326271887,-0.6073164947,-1.2608899371,-0.3380955056,1.1522425345
-1.7691367002,0.4657234306,0.4589551407,-0.6081033506,-1.5748418614
-0.6042592766,-0.5991003953,0.5668334501,0.5016503891,-0.2791402506
0.5860086447,-0.8180480802,0.0399462362,1.1161648546,-0.3199573212
-0.0758469857,-1.3508350114,-0.1880097917,0.4828760626,-0.4746196042
1.4596592823,0.6535741645,0.0791189384,0.9494810708,1.2328448046
1.2489438230,-0.9856329807,-0.6951349153,0.0253385632,-0.7314014319
1.9700381007,-1.8766756645,0.2028739224,-1.4690463055,-1.0801299117
1.2946976932,-0.1157861192,0.1213517098,0.4736715313,-0.4712532440
0.5942526414,0.6080563798,0.0100910563,-0.3597688080,0.2148426586
0.9585910348,-0.1546807152,-0.0791794100,-1.3270163126,0.8778761130
-0.6240735645,0.9290758163,0.5265692699,1.2737363924,0.4288755719
-0.8817634618,2.3491944475,1.2461986884,0.0209600025,-0.6603231564
-1.0513811967,1.5590365721,-0.2240104588,0.3416868370,0.8607964615
0.3219100205,0.5443069849,-0.1175996038,0.7331921753,1.0383386719
-0.0862441371,0.3566714895,-0.3296894746,0.2813569501,1.3574425363
0.3911475685,-0.3506931867,-0.0485610499,-1.0578122419,-0.2557538130
1.2951547055,1.5717097356,-1.7271260028,0.7315443708,0.2248905516
-1.6826383329,0.4311178677,0.3895842459,0.6557021031,-1.2512449303
-0.4761415877,0.4382457600,-1.5964878386,1.4943015574,0.3607319229
-0.4637767298,1.3496123242,1.2115660300,-0.3736171790,-0.9269288617
0.7870640876,2.7306341196,0.2543847599,-0.3522229804,-1.1065721096
0.7882911216,-1.2603949068,0.6344224722,0.5224367769,0.2527511029
-0.2523686477,2.0892624165,0.0800022203,1.8444094973,0.6243798022
1.3749986455,-0.4520724778,0.5231693451,0.0633152956,-0.1933147696
-1.2024589251,0.1201735996,2.2335726107,1.8191099913,-0.1258386697
1.9538500004,0.1955048944,-0.7940871660,-0.0500958418,0.5188711419
0.7702476199,0.2094666547,0.0376524054,0.6326616521,0.1386585213
-1.0038097075,-0.1223011131,0.0140736807,-0.4410360410,0.4565678322
0.1542337738,-0.6338624561,1.2937491466,-0.3764107482,0.2530942832
-0.1089105540,-0.7337568369,0.5605358772,0.2478261452,0.7353946995
1.9169262877,0.0764164694,-0.1981520253,-2.8616161314,0.5379497158
-0.6556666913,-0.7411563143,-0.5656097771,0.4584426552,-0.2685382152
-0.2514479862,-0.3062814949,-0.0271918709,-0.3174453168,-0.7179658508
-1.0701732214,0.9430535070,0.4867799887,-0.0367422134,-0.6604054703
1.7189745703,-0.4037272832,0.6708834943,-1.2009518741,1.0797730336
0.6970527803,-0.8776818800,0.0831757197,-1.0264424492,-0.3180991414
-1.2823418680,0.1904450540,1.0142989151,-0.6518784732,-0.3892214502
0.3127626881,-1.7814033530,0.1237474165,-0.4742000794,0.0283691527
-2.7330976164,-1.0763773382,-0.3352718713,0.7572305914,-1.3287361116
-1.3444235086,-0.3245764005,-0.5249519956,0.2310036139,-0.7799786747
0.0508674597,-1.0391790515,0.0395236297,0.8856692816,-0.6042829116
-0.5109229372,1.3860767014,-0.8692014328,-1.0881178531,-1.6329414017
-0.8694977355,-0.1407743038,-0.4871998149,2.1500237004,-0.8444536956
-0.9704194748,-0.1481672234,1.1383840078,-0.4762497804,0.1345841549
0.1632505455,-0.4567942970,-0.0748604721,-1.2034184667,-2.5571325693
-0.4700588924,0.8518501611,-0.0809706616,-1.0709636715,-0.3073023508
1.2583897722,-1.0112371272,0.0371057953,0.0688534605,0.8729369305
-0.6644812729,1.1498411986,-0.4781895021,0.6932473930,1.0378146490
1.7021374462,1.7546299649,-0.9830421773,1.4362926238,-1.5261164621
-0.5320920263,0.2648215553,-1.3233121453,0.0615871418,0.4913783769
0.8686595555,-0.1742312243,1.2445959974,0.0486703739,0.8377977224
1.0108842195,1.8502202496,-0.1014605040,0.5644449423,-0.0951438057
-0.1790032098,-0.8385984021,0.9985084706,-0.9468631720,-1.2167040854
-0.1634171565,-0.5492202161,2.2855149630,0.2607505625,2.2053876672
-1.4093592094,-0.7160988642,1.3555710318,-0.6324730127,-0.6763488175
0.5309765050,-0.7010127192,-0.7035167027,0.7734567826,-0.2840093176
0.1385257638,1.1466540278,1.2457975734,0.8584806848,1.9948778741
-0.3633965397,-0.9219305961,1.8192883966,0.3799668126,-0.2639474784
-2.1307494430,1.0622123296,0.8500254322,-0.7221210071,0.3980824571
0.9285291674,-1.3339161572,0.7538356537,0.2238168540,-0.9053944099
-0.3993282002,-0.4109411170,-0.6933997736,-0.3503825653,-1.8898354182
